<?xml version="1.0" encoding="UTF-8"?>
<project-private xmlns="http://www.netbeans.org/ns/project-private/1">
    <editor-bookmarks xmlns="http://www.netbeans.org/ns/editor-bookmarks/2" lastBookmarkId="0"/>
    <open-files xmlns="http://www.netbeans.org/ns/projectui-open-files/2">
        <group>
            <file>file:/C:/Users/Abox1/OneDrive/Documents/NetBeansProjects/Hotel%20Room%20Booking%20Syatem(HRBS)/src/loading1.java</file>
            <file>file:/C:/Users/Abox1/OneDrive/Documents/NetBeansProjects/Hotel%20Room%20Booking%20Syatem(HRBS)/src/CustomerCheckIn.java</file>
            <file>file:/C:/Users/Abox1/OneDrive/Documents/NetBeansProjects/Hotel%20Room%20Booking%20Syatem(HRBS)/src/forgot.java</file>
            <file>file:/C:/Users/Abox1/OneDrive/Documents/NetBeansProjects/Hotel%20Room%20Booking%20Syatem(HRBS)/src/BillPrint.java</file>
            <file>file:/C:/Users/Abox1/OneDrive/Documents/NetBeansProjects/Hotel%20Room%20Booking%20Syatem(HRBS)/src/Payment.java</file>
            <file>file:/C:/Users/Abox1/OneDrive/Documents/NetBeansProjects/Hotel%20Room%20Booking%20Syatem(HRBS)/src/BillDetails.java</file>
            <file>file:/C:/Users/Abox1/OneDrive/Documents/NetBeansProjects/Hotel%20Room%20Booking%20Syatem(HRBS)/src/homepage.java</file>
            <file>file:/C:/Users/Abox1/OneDrive/Documents/NetBeansProjects/Hotel%20Room%20Booking%20Syatem(HRBS)/src/BorderFactory.java</file>
            <file>file:/C:/Users/Abox1/OneDrive/Documents/NetBeansProjects/Hotel%20Room%20Booking%20Syatem(HRBS)/src/login.java</file>
            <file>file:/C:/Users/Abox1/OneDrive/Documents/NetBeansProjects/Hotel%20Room%20Booking%20Syatem(HRBS)/src/ManageRoom.java</file>
            <file>file:/C:/Users/Abox1/OneDrive/Documents/NetBeansProjects/Hotel%20Room%20Booking%20Syatem(HRBS)/src/signup.java</file>
            <file>file:/C:/Users/Abox1/OneDrive/Documents/NetBeansProjects/Hotel%20Room%20Booking%20Syatem(HRBS)/src/CustomerCheckOut.java</file>
            <file>file:/C:/Users/Abox1/OneDrive/Documents/NetBeansProjects/Hotel%20Room%20Booking%20Syatem(HRBS)/src/loading.java</file>
            <file>file:/C:/Users/Abox1/OneDrive/Documents/NetBeansProjects/Hotel%20Room%20Booking%20Syatem(HRBS)/src/ContactUs.java</file>
        </group>
    </open-files>
</project-private>
